➜  planets ls
arrakis.jpeg   earth.jpeg     jupiter.jpeg   neptune.jpeg   saturn.jpeg
coruscant.jpeg fictional      mars.jpeg      pluto.jpeg     uranus.jpeg
cybertron.jpeg inhabited      mercury.jpeg   real           venus.jpeg
➜  planets mv earth.jpeg real/earth.jpeg
➜  planets mv jupiter.jpeg real/jupiter.jpeg
➜  planets mv neptune.jpeg real/neptune.jpeg
➜  planets mv saturn.jpeg real/saturn.jpeg
➜  planets mv mars.jpeg real/mars.jpeg
➜  planets mv pluto.jpeg real/pluto.jpeg
➜  planets mv uranus.jpeg real/uranus.jpeg
➜  planets mv mercury.jpeg real/mercury.jpeg
➜  planets mv venus.jpeg real/venus.jpeg
➜  planets mv arrakis.jpeg fictional/arrakis.jpeg
➜  planets mv coruscant.jpeg fictional/coruscant.jpeg
➜  planets mv cybertron.jpeg fictional/cybertron.jpeg 
➜  planets ls
fictional inhabited real
➜  planets real
➜  real ls   
earth.jpeg   mars.jpeg    neptune.jpeg saturn.jpeg  venus.jpeg
jupiter.jpeg mercury.jpeg pluto.jpeg   uranus.jpeg
➜  real cp earth.jpeg ../inhabited/earth.jpeg
➜  real ..
➜  planets ls
fictional inhabited real
➜  planets fictional 
➜  fictional ls
arrakis.jpeg   coruscant.jpeg cybertron.jpeg
➜  fictional cp arrakis.jpeg ../inhabited/arrakis.jpeg
➜  fictional cp coruscant.jpeg ../inhabited/coruscant.jpeg
➜  fictional cp cybertron.jpeg ../inhabited/cybertron.jpeg
➜  fictional ..
➜  planets ls
fictional inhabited real
➜  planets inhabited 
➜  inhabited ls
arrakis.jpeg   coruscant.jpeg cybertron.jpeg earth.jpeg
➜  inhabited ..
➜  planets real
➜  real ls
earth.jpeg   mars.jpeg    neptune.jpeg saturn.jpeg  venus.jpeg
jupiter.jpeg mercury.jpeg pluto.jpeg   uranus.jpeg
➜  real mkdir terretrial
➜  real mkdir gas-giants
➜  real mkdir dwarf-planets
➜  real ls
dwarf-planets jupiter.jpeg  neptune.jpeg  terretrial
earth.jpeg    mars.jpeg     pluto.jpeg    uranus.jpeg
gas-giants    mercury.jpeg  saturn.jpeg   venus.jpeg
➜  real mv earth.jpeg terretrial/earth.jpeg
➜  real mv mars.jpeg terretrial/mars.jpeg
➜  real mv mercury.jpeg terretrial/mercury.jpeg
➜  real mv venus.jpeg terretrial/venus.jpeg
➜  real ls
dwarf-planets jupiter.jpeg  pluto.jpeg    terretrial
gas-giants    neptune.jpeg  saturn.jpeg   uranus.jpeg
➜  real mv pluto.jpeg dwarf-planets/pluto.jpeg
➜  real mv jupiter.jpeg gas-giants/jupiter.jpeg
➜  real mv neptune.jpeg gas-giants/neptune.jpeg
➜  real mv saturn.jpeg gas-giants/saturn.jpeg
➜  real mv uranus.jpeg gas-giants/uranus.jpeg
➜  real ls
dwarf-planets gas-giants    terretrial
➜  real rm -R dwarf-planets 
➜  real ls
gas-giants terretrial
➜  real 
